"user_agent","_count"
"Mozilla/5.0 (Linux; Android 10; K) AppleWebKit/537.36 (KHTML, like Gecko) Chrome/114.0.0.0 Mobile Safari/537.36","98"
"Mozilla/5.0 (X11; Linux armv7l) AppleWebKit/537.36 (KHTML, like Gecko) Chrome/90.0.4430.225 Safari/537.36 CrKey/1.56.500000 DeviceType/Chromecast","88"
"Mozilla/5.0 (X11; Linux armv7l) AppleWebKit/537.36 (KHTML, like Gecko) Chrome/90.0.4430.225 Safari/537.36 CrKey/1.56.500000","76"
"Mozilla/5.0 (Windows NT 10.0; Win64; x64) AppleWebKit/537.36 (KHTML, like Gecko) Chrome/114.0.0.0 Safari/537.36 Edg/114.0.1823.67","56"
"Mozilla/5.0 (Windows NT 10.0; Win64; x64) AppleWebKit/537.36 (KHTML, like Gecko) Chrome/114.0.0.0 Safari/537.36","34"
"Mozilla/5.0 (X11; Linux aarch64) AppleWebKit/537.36 (KHTML, like Gecko) Chrome/90.0.4430.225 Safari/537.36 CrKey/1.56.500000 DeviceType/Chromecast","15"
"Mozilla/5.0 (Linux; Android 12.0; Build/STTE.230319.008.R1) AppleWebKit/537.36 (KHTML, like Gecko) Chrome/92.0.4515.159 Safari/537.36 CrKey/1.56.500000 DeviceType/AndroidTV","12"
"Mozilla/5.0 (Windows NT 10.0; Win64; x64) AppleWebKit/537.36 (KHTML, like Gecko) Chrome/109.0.0.0 Safari/537.36","10"
"Mozilla/5.0 (Macintosh; Intel Mac OS X 10_15_7) AppleWebKit/605.1.15 (KHTML, like Gecko) Version/15.6.1 Safari/605.1.15","8"
"Mozilla/5.0 (Macintosh; Intel Mac OS X 10_15_7) AppleWebKit/605.1.15 (KHTML, like Gecko) Version/16.5.1 Safari/605.1.15","8"
"Mozilla/5.0 (Macintosh; Intel Mac OS X 10_15_7) AppleWebKit/605.1.15 (KHTML, like Gecko) Version/16.3 Safari/605.1.15","7"
"Mozilla/5.0 (Macintosh; Intel Mac OS X 10_15_7) AppleWebKit/537.36 (KHTML, like Gecko) Chrome/114.0.0.0 Safari/537.36","6"
"Mozilla/5.0 (Macintosh; Intel Mac OS X 10_15_7) AppleWebKit/605.1.15 (KHTML, like Gecko) Version/16.5 Safari/605.1.15","6"
"Mozilla/5.0 (Macintosh; Intel Mac OS X 10_15_7) AppleWebKit/605.1.15 (KHTML, like Gecko) Version/15.5 Safari/605.1.15","5"
"Mozilla/5.0 (X11; Linux x86_64) AppleWebKit/537.36 (KHTML, like Gecko) Chrome/87.0.4280.66 Safari/537.36","5"
"Mozilla/5.0 (Macintosh; Intel Mac OS X 10_15_7) AppleWebKit/605.1.15 (KHTML, like Gecko) Version/16.1 Safari/605.1.15","5"
"Mozilla/5.0 (X11; Linux armv7l) AppleWebKit/537.36 (KHTML, like Gecko) Chrome/70.0.3538.47 Safari/537.36 CrKey/1.36.159268","5"
"Mozilla/5.0 (Macintosh; Intel Mac OS X 10_15_7) AppleWebKit/605.1.15 (KHTML, like Gecko) Version/16.4 Safari/605.1.15","4"
"Mozilla/5.0 (Macintosh; Intel Mac OS X 10_15_7) AppleWebKit/605.1.15 (KHTML, like Gecko) Version/16.0 Safari/605.1.15","4"
"Mozilla/5.0 (Macintosh; Intel Mac OS X 10_12_5) AppleWebKit/537.36 (KHTML, like Gecko) Chrome/59.0.3071.86 Safari/537.36","4"
"Mozilla/5.0 (Windows NT 10.0; WOW64; rv:54.0) Gecko/20100101 Firefox/54.0","3"
"Mozilla/5.0 (Windows NT 10.0; Win64; x64) AppleWebKit/537.36 (KHTML, like Gecko) Chrome/114.0.0.0 Safari/537.36 Edg/114.0.1823.58","3"
"Mozilla/5.0 (Windows NT 10.0; Win64; x64; rv:109.0) Gecko/20100101 Firefox/115.0","3"
"Mozilla/5.0 (Linux; Android 9.0; Build/PTO1.210908.002) AppleWebKit/537.36 (KHTML, like Gecko) Chrome/90.0.4430.225 Safari/537.36 CrKey/1.56.500000","2"
"Mozilla/5.0 (Linux; Android 13; CPH2273 Build/TP1A.220905.001) AppleWebKit/537.36 (KHTML, like Gecko) Version/4.0 Chrome/108.0.5359.128 Mobile Safari/537.36 GNews Android/2022108570","2"
"Mozilla/5.0 (Linux; Android 9.0; Build/PTO6.221014.001) AppleWebKit/537.36 (KHTML, like Gecko) Chrome/90.0.4430.225 Safari/537.36 CrKey/1.56.500000","2"
"Mozilla/5.0 (Linux; Android 10; K) AppleWebKit/537.36 (KHTML, like Gecko) Chrome/113.0.0.0 Mobile Safari/537.36","2"
"Mozilla/5.0 (X11; CrOS x86_64 14541.0.0) AppleWebKit/537.36 (KHTML, like Gecko) Chrome/114.0.0.0 Safari/537.36","2"
"Mozilla/5.0 (Windows NT 10.0; Win64; x64; rv:109.0) Gecko/20100101 Firefox/114.0","2"
"7plus Internal/1.0 (au.com.seven.inferno.internal; build:1; tvOS 16.1.0) Alamofire/5.4.3","2"
"Mozilla/5.0 (Windows NT 10.0; Win64; x64) AppleWebKit/537.36 (KHTML, like Gecko) Chrome/114.0.0.0 Safari/537.36 Edg/114.0.1823.67 Agency/100.8.2567.68","2"
"Mozilla/5.0 (Linux; Android 10; K) AppleWebKit/537.36 (KHTML, like Gecko) Chrome/112.0.0.0 Mobile Safari/537.36","2"
"Mozilla/5.0 (Linux; Android 13; SM-A325F) AppleWebKit/537.36 (KHTML, like Gecko) Chrome/109.0.0.0 Mobile Safari/537.36","2"
"Mozilla/5.0 (Linux; Android 9.0; Build/PPR2.180905.006.A1) AppleWebKit/537.36 (KHTML, like Gecko) Chrome/84.0.4147.57 Safari/537.36 CrKey/1.50.228700","2"
"Mozilla/5.0 (Windows NT 10.0; Win64; x64) AppleWebKit/537.36 (KHTML, like Gecko) Chrome/59.0.3071.86 Safari/537.36","2"
"Mozilla/5.0 (Linux; Android 9.0; Build/PI) AppleWebKit/537.36 (KHTML, like Gecko) Chrome/92.0.4515.159 Safari/537.36 CrKey/1.56.500000 DeviceType/AndroidTV","2"
"Mozilla/5.0 (Linux; Android 10; 5002X Build/QKQ1.200623.002) AppleWebKit/537.36 (KHTML, like Gecko) Chrome/103.0.5060.129 Mobile Safari/537.36","1"
"Mozilla/5.0 (Linux; Android 8.0; Build/OPR2.170623.027.S16) AppleWebKit/537.36 (KHTML, like Gecko) Chrome/92.0.4515.159 Safari/537.36 CrKey/1.56.500000 DeviceType/AndroidTV","1"
"Mozilla/5.0 (Linux; Android 9; SAMSUNG SM-G955F) AppleWebKit/537.36 (KHTML, like Gecko) SamsungBrowser/21.0 Chrome/110.0.5481.154 Mobile Safari/537.36","1"
"Mozilla/5.0 (Linux; Android 10; BV6300Pro Build/QP1A.190711.020) AppleWebKit/537.36 (KHTML, like Gecko) Version/4.0 Chrome/114.0.5735.196 Mobile Safari/537.36 GNews Android/2022140634","1"
"Mozilla/5.0 (Linux; Android 9; MRD-LX2) AppleWebKit/537.36 (KHTML, like Gecko) Chrome/114.0.0.0 Mobile Safari/537.36","1"
"Mozilla/5.0 (Linux; Android 9; SM-J415GN) AppleWebKit/537.36 (KHTML, like Gecko) Chrome/92.0.4515.159 Mobile Safari/537.36","1"
"Mozilla/5.0 (Linux; Android 9; SM-G950F Build/PPR1.180610.011) AppleWebKit/537.36 (KHTML, like Gecko) Version/4.0 Chrome/114.0.5735.131 Mobile Safari/537.36 GNews Android/2022140634","1"
"Mozilla/5.0 (Linux; Android 8.0.0; SM-G930F Build/R16NW) AppleWebKit/537.36 (KHTML, like Gecko) Version/4.0 Chrome/114.0.5735.196 Mobile Safari/537.36 GNews Android/2022140634","1"
"Mozilla/5.0 (Linux; Android 8.0.0; RNE-L22 Build/HUAWEIRNE-L22; wv) AppleWebKit/537.36 (KHTML, like Gecko) Version/4.0 Chrome/114.0.5735.196 Mobile Safari/537.36 Instagram 289.0.0.25.49 Android (26/8.0.0; 480dpi; 1080x2040; HUAWEI; RNE-L22; HWRNE; hi6250; en_GB; 488780837)","1"
"Mozilla/5.0 (Linux; Android 12; SM-F916B) AppleWebKit/537.36 (KHTML, like Gecko) Chrome/108.0.0.0 Mobile Safari/537.36","1"
"Mozilla/5.0 (Macintosh; Intel Mac OS X 10.15; rv:109.0) Gecko/20100101 Firefox/115.0","1"
"Mozilla/5.0 (Linux; Android 12; CPH2477 Build/SP1A.210812.016; wv) AppleWebKit/537.36 (KHTML, like Gecko) Version/4.0 Chrome/114.0.5735.196 Mobile Safari/537.36 [FB_IAB/FB4A;FBAV/421.0.0.33.47;]","1"
"Mozilla/5.0 (Linux; Android 12; SAMSUNG SM-F936B) AppleWebKit/537.36 (KHTML, like Gecko) SamsungBrowser/21.0 Chrome/110.0.5481.154 Mobile Safari/537.36","1"
"Mozilla/5.0 (Linux; Android 11; CPH1943 Build/RKQ1.200903.002) AppleWebKit/537.36 (KHTML, like Gecko) Version/4.0 Chrome/114.0.5735.147 Mobile Safari/537.36 GNews Android/2022140634","1"
"Mozilla/5.0 (Linux; Android 12; CPH2005 Build/RKQ1.211103.002) AppleWebKit/537.36 (KHTML, like Gecko) Version/4.0 Chrome/114.0.5735.196 Mobile Safari/537.36","1"
"Mozilla/5.0 (Linux; Android 11.0; Build/RTT7.210923.001) AppleWebKit/537.36 (KHTML, like Gecko) Chrome/92.0.4515.159 Safari/537.36 CrKey/1.56.500000 DeviceType/AndroidTV","1"
"Mozilla/5.0 (Linux; Android 6.0.1; SM-G900I Build/MMB29M) AppleWebKit/537.36 (KHTML, like Gecko) Version/4.0 Chrome/101.0.4951.61 Mobile Safari/537.36 GNews Android/2022129690","1"
"Mozilla/5.0 (Linux; Android 9; ANE-LX2J Build/HUAWEIANE-L12J) AppleWebKit/537.36 (KHTML, like Gecko) Version/4.0 Chrome/114.0.5735.196 Mobile Safari/537.36 GNews Android/2022140634","1"
"Mozilla/5.0 (Linux; Android 11; CPH2021 Build/RP1A.200720.011) AppleWebKit/537.36 (KHTML, like Gecko) Version/4.0 Chrome/114.0.5735.196 Mobile Safari/537.36 GNews Android/2022140634","1"
"Mozilla/5.0 (Linux; Android 11.0; Build/RTT7.220318.001) AppleWebKit/537.36 (KHTML, like Gecko) Chrome/92.0.4515.159 Safari/537.36 CrKey/1.56.500000 DeviceType/AndroidTV","1"
"Mozilla/5.0 (Linux; Android 8.0; Build/OPR6.190805.013) AppleWebKit/537.36 (KHTML, like Gecko) Chrome/92.0.4515.159 Safari/537.36 CrKey/1.56.500000 DeviceType/AndroidTV","1"
"Mozilla/5.0 (Linux; Android 6.0.1; SAMSUNG SM-G935F) AppleWebKit/537.36 (KHTML, like Gecko) SamsungBrowser/17.0 Chrome/96.0.4664.104 Mobile Safari/537.36","1"
"Mozilla/5.0 (Linux; Android 11.0; Build/RTT2.220103.001) AppleWebKit/537.36 (KHTML, like Gecko) Chrome/92.0.4515.159 Safari/537.36 CrKey/1.56.500000 DeviceType/AndroidTV","1"
"Mozilla/5.0 (Macintosh; Intel Mac OS X 10_15_6) AppleWebKit/605.1.15 (KHTML, like Gecko) Version/15.6.1 Safari/605.1.15","1"
"Mozilla/5.0 (Linux; Android 13; SAMSUNG SM-S908E) AppleWebKit/537.36 (KHTML, like Gecko) SamsungBrowser/21.0 Chrome/110.0.5481.154 Mobile Safari/537.36","1"
"Mozilla/5.0 (Linux; Android 10; 5002X Build/QKQ1.200623.002) AppleWebKit/537.36 (KHTML, like Gecko) Chrome/114.0.5735.130 Mobile Safari/537.36","1"
"Mozilla/5.0 (Linux; Android 12; SAMSUNG SM-G975F) AppleWebKit/537.36 (KHTML, like Gecko) SamsungBrowser/21.0 Chrome/110.0.5481.154 Mobile Safari/537.36","1"
"Mozilla/5.0 (Linux; Android 12; SM-G975U1) AppleWebKit/537.36 (KHTML, like Gecko) Chrome/97.0.4692.98 Mobile Safari/537.36","1"
"Mozilla/5.0 (X11; Linux armv7l) AppleWebKit/537.36 (KHTML, like Gecko) Chrome/70.0.3538.47 Safari/537.36 CrKey/1.36.157768","1"
"Mozilla/5.0 (Linux; Android 12; CPH2477) AppleWebKit/537.36 (KHTML, like Gecko) Chrome/103.0.0.0 Mobile Safari/537.36","1"
"Mozilla/5.0 (Linux; Android 11.0; Build/RTM5.220609.094) AppleWebKit/537.36 (KHTML, like Gecko) Chrome/92.0.4515.159 Safari/537.36 CrKey/1.56.500000 DeviceType/AndroidTV","1"
"Mozilla/5.0 (Windows NT 10.0; Win64; x64) AppleWebKit/537.36 (KHTML, like Gecko) Chrome/114.0.0.0 Safari/537.36 Edg/114.0.1823.36","1"
"Mozilla/5.0 (Linux; Android 9; SAMSUNG SM-G950F) AppleWebKit/537.36 (KHTML, like Gecko) SamsungBrowser/20.0 Chrome/106.0.5249.126 Mobile Safari/537.36","1"
"Mozilla/5.0 (Linux; Android 10.0; Build/QTG3.200305.006.S292) AppleWebKit/537.36 (KHTML, like Gecko) Chrome/92.0.4515.159 Safari/537.36 CrKey/1.56.500000 DeviceType/AndroidTV","1"
"Mozilla/5.0 (Linux; Android 13; SAMSUNG SM-F936B) AppleWebKit/537.36 (KHTML, like Gecko) SamsungBrowser/21.0 Chrome/110.0.5481.154 Mobile Safari/537.36","1"
"Mozilla/5.0 (Linux; Android 13; SM-G991B Build/TP1A.220624.014) AppleWebKit/537.36 (KHTML, like Gecko) Version/4.0 Chrome/114.0.5735.196 Mobile Safari/537.36 GNews Android/2022140634","1"
"Mozilla/5.0 (Linux; Android 10; SM-T590) AppleWebKit/537.36 (KHTML, like Gecko) Chrome/99.0.4844.73 Safari/537.36","1"
"Mozilla/5.0 (Windows NT 10.0; Win64; x64) AppleWebKit/537.36 (KHTML, like Gecko) Chrome/114.0.0.0 Safari/537.36 Herring/99.1.8080.81","1"
"Mozilla/5.0 (Linux; Android 13; SM-A515F Build/TP1A.220624.014) AppleWebKit/537.36 (KHTML, like Gecko) Version/4.0 Chrome/114.0.5735.196 Mobile Safari/537.36 GNews Android/2022140634","1"
"Mozilla/5.0 (Linux; Android 10.0; Build/QTT8.201201.004) AppleWebKit/537.36 (KHTML, like Gecko) Chrome/92.0.4515.159 Safari/537.36 CrKey/1.56.500000 DeviceType/AndroidTV","1"
"Mozilla/5.0 (Linux; Android 13; SM-A037F) AppleWebKit/537.36 (KHTML, like Gecko) Chrome/114.0.0.0 Mobile Safari/537.36 EdgA/114.0.1823.68","1"
"Mozilla/5.0 (Linux; Android 9.0; Build/PTT1.190515.001.S52) AppleWebKit/537.36 (KHTML, like Gecko) Chrome/92.0.4515.159 Safari/537.36 CrKey/1.56.500000 DeviceType/AndroidTV","1"
"Mozilla/5.0 (Linux; Android 12; SM-A115F) AppleWebKit/537.36 (KHTML, like Gecko) Chrome/99.0.4844.88 Mobile Safari/537.36","1"
"Mozilla/5.0 (Linux; Android 9.0; Build/PTT1.210114.001) AppleWebKit/537.36 (KHTML, like Gecko) Chrome/92.0.4515.159 Safari/537.36 CrKey/1.56.500000 DeviceType/AndroidTV","1"
"Mozilla/5.0 (Linux; Android 13; CPH2339 Build/TP1A.220905.001) AppleWebKit/537.36 (KHTML, like Gecko) Version/4.0 Chrome/114.0.5735.196 Mobile Safari/537.36 GNews Android/2022140634","1"
"Mozilla/5.0 (Windows NT 10.0; Win64; x64) AppleWebKit/537.36 (KHTML, like Gecko) Chrome/114.0.0.0 Safari/537.36 Edg/114.0.1823.43","1"
"Mozilla/5.0 (Linux; Android 13; SM-G990E) AppleWebKit/537.36 (KHTML, like Gecko) Chrome/114.0.5735.196 Mobile Safari/537.36 OPR/76.2.4027.73374","1"
"Mozilla/5.0 (Linux; Android 12; SAMSUNG SM-G986B) AppleWebKit/537.36 (KHTML, like Gecko) SamsungBrowser/21.0 Chrome/110.0.5481.154 Mobile Safari/537.36","1"
"Mozilla/5.0 (Linux; Android 13; SM-A346E Build/TP1A.220624.014) AppleWebKit/537.36 (KHTML, like Gecko) Version/4.0 Chrome/114.0.5735.196 Mobile Safari/537.36 GNews Android/2022140634","1"
"Mozilla/5.0 (Linux; Android 13; SAMSUNG SM-G988B) AppleWebKit/537.36 (KHTML, like Gecko) SamsungBrowser/21.0 Chrome/110.0.5481.154 Mobile Safari/537.36","1"
"Mozilla/5.0 (Linux; Android 13; SM-A045F) AppleWebKit/537.36 (KHTML, like Gecko) Chrome/104.0.0.0 Mobile Safari/537.36","1"
"Mozilla/5.0 (Linux; Android 9.0; Build/PTO6.200826.001) AppleWebKit/537.36 (KHTML, like Gecko) Chrome/92.0.4515.159 Safari/537.36 CrKey/1.56.500000 DeviceType/AndroidTV","1"
"Mozilla/5.0 (Linux; Android 12; SM-G975U Build/SP1A.210812.016) AppleWebKit/537.36 (KHTML, like Gecko) Version/4.0 Chrome/114.0.5735.196 Mobile Safari/537.36 GNews Android/2022140634","1"
"Mozilla/5.0 (Linux; Android 12; SM-A115F Build/SP1A.210812.016) AppleWebKit/537.36 (KHTML, like Gecko) Version/4.0 Chrome/114.0.5735.147 Mobile Safari/537.36 GNews Android/2022140634","1"
"Mozilla/5.0 (Linux; Android 12; SM-A326B) AppleWebKit/537.36 (KHTML, like Gecko) Chrome/99.0.4844.88 Mobile Safari/537.36","1"
"Mozilla/5.0 (Linux; Android 13; CPH2271 Build/TP1A.220905.001) AppleWebKit/537.36 (KHTML, like Gecko) Version/4.0 Chrome/114.0.5735.196 Mobile Safari/537.36 GNews Android/2022140634","1"
"Mozilla/5.0 (Linux; Android 12.0; Build/STTE.221215.004.A1) AppleWebKit/537.36 (KHTML, like Gecko) Chrome/92.0.4515.159 Safari/537.36 CrKey/1.56.500000 DeviceType/AndroidTV","1"
"Mozilla/5.0 (Linux; Android 11; SM-A105G Build/RP1A.200720.012) AppleWebKit/537.36 (KHTML, like Gecko) Version/4.0 Chrome/114.0.5735.196 Mobile Safari/537.36 GNews Android/2022140634","1"
"Mozilla/5.0 (Linux; Android 11.0; Build/AR2101) AppleWebKit/537.36 (KHTML, like Gecko) Chrome/92.0.4515.159 Safari/537.36 CrKey/1.56.500000 DeviceType/AndroidTV","1"
"Mozilla/5.0 (Linux; Android 7.0; SAMSUNG SM-G950F Build/NRD90M) AppleWebKit/537.36 (KHTML, like Gecko) SamsungBrowser/5.2 Chrome/51.0.2704.106 Mobile Safari/537.36","1"
"Mozilla/5.0 (Linux; Android 13; Nokia G10 Build/TP1A.220624.014) AppleWebKit/537.36 (KHTML, like Gecko) Version/4.0 Chrome/114.0.5735.196 Mobile Safari/537.36 GNews Android/2022140634","1"
"Mozilla/5.0 (Linux; Android 13; SM-G996B Build/TP1A.220624.014) AppleWebKit/537.36 (KHTML, like Gecko) Version/4.0 Chrome/108.0.5359.128 Mobile Safari/537.36 GNews Android/2022137898","1"
"Mozilla/5.0 (Linux; Android 12; SM-G780F) AppleWebKit/537.36 (KHTML, like Gecko) Chrome/109.0.0.0 Mobile Safari/537.36","1"
"Mozilla/5.0 (Linux; Android 13; SM-S908E Build/TP1A.220624.014) AppleWebKit/537.36 (KHTML, like Gecko) Version/4.0 Chrome/114.0.5735.196 Mobile Safari/537.36 GNews Android/2022140634","1"
"Mozilla/5.0 (Linux; Android 10; CPH1943) AppleWebKit/537.36 (KHTML, like Gecko) Chrome/97.0.4692.98 Mobile Safari/537.36","1"
"Mozilla/5.0 (Linux; Android 11; CPH2069 Build/RKQ1.200903.002) AppleWebKit/537.36 (KHTML, like Gecko) Version/4.0 Chrome/114.0.5735.196 Mobile Safari/537.36 GNews Android/2022140634","1"
"Mozilla/5.0 (Linux; Android 11; CPH1941 Build/RKQ1.200903.002) AppleWebKit/537.36 (KHTML, like Gecko) Version/4.0 Chrome/112.0.5615.136 Mobile Safari/537.36 GNews Android/2022127458","1"
